nombre,url,nodos,aristas,densidad,grado_maximo,grado_minimo,grado_promedio,asortatividad,numero_triangulos,triangulos_promedio,triangulos_maximo,coeficiente_aglomeracion_promedio,proporcion_triangulos_promedio,centro_k_maximo,estimacion_minima_clique_maxima,distancia_promedio,duracion_calculo
insecta-ant-colony1_day01,https://networkrepository.com/asn.php,113,4.6K,0.719027,109,42,80.0,-0.0300605,292.4K,2.6,4.3K,0.798847,0.785726,61,31,1.2809734513274336,0.0050751630000007
insecta-ant-colony1_day02,https://networkrepository.com/asn.php,113,4.6K,0.722661,106,27,80.0,0.0198031,301.2K,2.7,4.1K,0.809711,0.797316,61,28,1.277338811630847,0.005216519000001
insecta-ant-colony1_day03,https://networkrepository.com/asn.php,113,4.5K,0.708439,104,27,79.0,0.0716736,292.2K,2.6,3.9K,0.813039,0.798996,62,30,1.2921934260429837,0.0059885520000051
insecta-ant-colony1_day04,https://networkrepository.com/asn.php,113,4.1K,0.646966,101,27,72.0,0.0697851,229.5K,2.0,3.5K,0.771435,0.752609,53,25,1.3536662452591657,0.0058093730000052
insecta-ant-colony1_day05,https://networkrepository.com/asn.php,113,4.1K,0.655657,101,27,73.0,0.0492658,236.2K,2.1,3.4K,0.77097,0.754118,56,27,1.3443426042983566,0.0067636560000039
insecta-ant-colony1_day06,https://networkrepository.com/asn.php,113,4.3K,0.67304,100,23,75.0,0.0605538,257.4K,2.3,3.7K,0.789484,0.774229,56,28,1.3277496839443743,0.0069836199999997
insecta-ant-colony1_day07,https://networkrepository.com/asn.php,113,4.1K,0.644279,101,26,72.0,0.0488406,226.1K,2.0,3.5K,0.764536,0.74608,52,25,1.356194690265487,0.0112952869999958
insecta-ant-colony1_day08,https://networkrepository.com/asn.php,113,4.1K,0.644121,99,26,72.0,0.0984601,227K,2.0,3.4K,0.759407,0.747092,53,29,1.3579329962073323,0.0064079139999932
insecta-ant-colony1_day09,https://networkrepository.com/asn.php,113,4.1K,0.652339,105,27,73.0,0.0491661,235.6K,2.1,3.7K,0.77139,0.755794,52,31,1.3479772439949431,0.0066892630000126
insecta-ant-colony1_day10,https://networkrepository.com/asn.php,113,3.9K,0.623104,93,27,69.0,0.0823294,209.5K,1.9,3K,0.751025,0.736105,51,23,1.3783185840707963,0.0063193069999982
insecta-ant-colony1_day11,https://networkrepository.com/asn.php,113,3.5K,0.545828,90,24,61.0,0.101344,150.4K,1.3,2.5K,0.693292,0.681601,42,23,1.4551201011378003,0.0067541140000031
insecta-ant-colony1_day12,https://networkrepository.com/asn.php,99,3.2K,0.669553,92,22,65.0,0.0246981,166.3K,1.7,2.9K,0.772937,0.755794,51,24,1.3304473304473303,0.0043632490000078
insecta-ant-colony2_day01,https://networkrepository.com/asn.php,131,6.6K,0.774046,128,25,100.0,0.0216288,559.3K,4.3,6.4K,0.832517,0.827965,80,43,1.2259541984732825,0.0089166500000033
insecta-ant-colony2_day02,https://networkrepository.com/asn.php,131,6.5K,0.759131,128,20,98.0,0.0288433,536.4K,4.1,6.3K,0.827621,0.821802,78,39,1.2408690546095127,0.0078679139999877
insecta-ant-colony2_day03,https://networkrepository.com/asn.php,131,6.5K,0.763006,124,37,99.0,0.0154757,536.5K,4.1,6.1K,0.820681,0.81692,81,34,1.2369935408103347,0.0130075610000091
insecta-ant-colony2_day04,https://networkrepository.com/asn.php,131,6.2K,0.727892,125,19,94.0,0.0361687,481.3K,3.7,5.8K,0.805614,0.799058,75,32,1.272108044627129,0.0118757540000018
insecta-ant-colony2_day05,https://networkrepository.com/asn.php,131,5.9K,0.695948,123,18,90.0,0.0222095,428.1K,3.3,5.5K,0.780789,0.773072,70,30,1.3042865531415149,0.0104149130000053
insecta-ant-colony2_day06,https://networkrepository.com/asn.php,131,6K,0.699941,127,18,90.0,-0.00128825,435.4K,3.3,5.7K,0.78572,0.776963,71,31,1.300058719906048,0.0122051219999974
insecta-ant-colony2_day07,https://networkrepository.com/asn.php,131,6.3K,0.739049,129,10,96.0,-0.00931632,509K,3.9,6.2K,0.822165,0.813891,77,36,1.2610687022900764,0.0079091439999956
insecta-ant-colony2_day08,https://networkrepository.com/asn.php,131,6.1K,0.713799,127,21,92.0,0.0239343,465.4K,3.6,5.8K,0.80446,0.796199,72,37,1.286318261890781,0.0090114999999997
insecta-ant-colony3_day01,https://networkrepository.com/asn.php,160,11.1K,0.875708,159,57,139.0,-0.0349647,1.4M,8.7,11K,0.896995,0.895455,114,60,1.1242924528301887,0.0094792169999919
insecta-ant-colony3_day02,https://networkrepository.com/asn.php,160,9.8K,0.773899,153,31,123.0,-0.0253771,1M,6.3,9.1K,0.824947,0.819776,95,42,1.2261006289308176,0.0111343420000054
insecta-ant-colony3_day03,https://networkrepository.com/asn.php,160,9.2K,0.722563,151,23,114.0,0.0210702,863.5K,5.4,8.6K,0.803198,0.794626,89,39,1.277437106918239,0.0255302220000004
insecta-ant-colony3_day04,https://networkrepository.com/asn.php,160,9.1K,0.71478,148,32,113.0,0.00549731,822.9K,5.1,8.1K,0.7858,0.778371,85,32,1.2852201257861635,0.0114437520000052
insecta-ant-colony3_day05,https://networkrepository.com/asn.php,160,8.9K,0.696777,152,18,110.0,0.0175981,776.9K,4.9,8.3K,0.779082,0.769439,85,31,1.3035377358490563,0.0650374249999998
insecta-ant-colony3_day06,https://networkrepository.com/asn.php,160,8.8K,0.693632,152,12,110.0,0.00528153,770.2K,4.8,8.3K,0.779182,0.768414,85,31,1.307311320754717,0.0229467380000016
insecta-ant-colony3_day07,https://networkrepository.com/asn.php,160,8.7K,0.683176,151,13,108.0,-0.00759594,744.1K,4.7,8K,0.774716,0.762485,81,36,1.3169025157232706,0.0153778359999989
insecta-ant-colony3_day09,https://networkrepository.com/asn.php,160,8.9K,0.698349,146,4,111.0,0.00108316,784.9K,4.9,7.8K,0.783902,0.772848,82,30,1.3020440251572327,0.031466624999993
insecta-ant-colony3_day10,https://networkrepository.com/asn.php,159,9K,0.720166,153,18,113.0,-0.0208421,815.2K,5.1,8.5K,0.786907,0.778271,85,34,1.279834408088528,0.0092824909999933
insecta-ant-colony3_day11,https://networkrepository.com/asn.php,160,8.5K,0.664387,144,4,105.0,0.010596,688.2K,4.3,7.2K,0.759666,0.748218,79,28,1.3358490566037735,0.0245019749999926
insecta-ant-colony5_day01,https://networkrepository.com/asn.php,152,9.1K,0.788864,150,47,119.0,-0.0132327,896.7K,5.9,8.8K,0.826809,0.823528,93,45,1.2111362844196585,0.0106964160000018
insecta-ant-colony5_day02,https://networkrepository.com/asn.php,152,9.1K,0.796532,151,27,120.0,-0.00480611,928.5K,6.1,9K,0.83811,0.834365,96,43,1.2034681073544788,0.0282928670000046
insecta-ant-colony5_day11,https://networkrepository.com/asn.php,152,6.7K,0.585221,127,32,88.0,0.0833743,422.8K,2.8,5.3K,0.697042,0.685521,65,28,1.415475775531544,0.0161489209999956
insecta-ant-colony6_day01,https://networkrepository.com/asn.php,164,10.7K,0.802858,160,41,130.0,-0.0186591,1.2M,7.4,10.4K,0.853606,0.847561,101,56,1.1971420020948675,0.0110257520000089
insecta-ant-colony6_day02,https://networkrepository.com/asn.php,164,10.3K,0.768517,157,43,125.0,0.00338481,1.1M,6.6,9.7K,0.829683,0.822572,98,41,1.231482866975909,0.0112956880000041
insecta-ant-colony6_day03,https://networkrepository.com/asn.php,164,10.1K,0.7549,158,20,123.0,0.0583547,1.1M,6.5,9.6K,0.837609,0.831191,98,48,1.2453239563070475,0.0188638089999955
insecta-ant-colony6_day04,https://networkrepository.com/asn.php,164,10.3K,0.771585,158,13,125.0,-0.0079151,1.1M,6.7,9.8K,0.838722,0.830602,97,47,1.2284153823133324,0.0250119150000074
insecta-ant-colony6_day05,https://networkrepository.com/asn.php,164,10K,0.748541,159,12,122.0,0.0217459,1M,6.2,9.6K,0.825901,0.81741,95,43,1.251458925632201,0.0182327479999884
insecta-ant-colony6_day06,https://networkrepository.com/asn.php,164,9.7K,0.727667,156,8,118.0,0.0248901,954.8K,5.8,9.1K,0.810696,0.802817,90,37,1.2724076013766272,0.0563227930000067
insecta-ant-colony6_day07,https://networkrepository.com/asn.php,164,9.9K,0.737693,156,7,120.0,-0.0047577,981.1K,6.0,9.1K,0.815779,0.805638,93,41,1.2624569803980248,0.0284164980000127
insecta-ant-colony6_day08,https://networkrepository.com/asn.php,164,9.7K,0.723029,154,7,117.0,0.057585,953.2K,5.8,9.1K,0.815829,0.807152,93,43,1.2772706868172976,0.0296671559999879
insecta-ant-colony6_day09,https://networkrepository.com/asn.php,164,10.8K,0.806075,158,9,131.0,0.023042,1.3M,7.7,10.2K,0.869406,0.865409,108,50,1.1939997007332035,0.0123451810000005
insecta-ant-colony6_day10,https://networkrepository.com/asn.php,164,9.4K,0.699835,151,6,114.0,0.0296534,882.6K,5.4,8.5K,0.80995,0.795921,86,39,1.3003890468352537,0.0170464020000054
insecta-ant-colony6_day12,https://networkrepository.com/asn.php,143,6.6K,0.652516,126,8,92.0,0.0764161,482.6K,3.4,5.6K,0.771052,0.757241,68,23,1.3485669260317148,0.0135468820000141
bio-SC_CC,https://networkrepository.com/bio.php,2.2K,34.9K,0.0141225,571,1,31.0,-0.152083,595.7K,267.0,6.7K,0.413279,0.194507,69,10,2.6266582123799425,11.173053898000006
bio_dmela,https://networkrepository.com/bio.php,7.4K,25.6K,0.000935753,190,1,6.0,-0.0465044,8.7K,1.0,225,0.0118502,0.0149699,12,7,4.339715364891207,63.14478417500001
bio-celegans_dir,https://networkrepository.com/bio.php,453,4.6K,0.0446776,634,1,20.0,-0.0735808,245.3K,541.0,26.6K,3.25902,0.351487,115,9,2.6637851882240327,0.1636901770000065
bio_diseasome,https://networkrepository.com/bio.php,516,1.2K,0.00894107,50,1,4.0,0.0666456,4.1K,7.0,152,0.63583,0.430471,11,11,6.5089937532926925,0.144215680000002
bn-mouse-retina_1,https://networkrepository.com/bn.php,1.1K,577.4K,0.998271,7.9K,1,1.1,0.0179917,777.2M,722.3,8.2M,1.55391,0.608175,1,42,1.8612656695772456,11.300191322999993
bn-mouse-brain_1,https://networkrepository.com/bn.php,213,21.7K,0.959075,314,98,203.0,-0.0412774,3.5M,16.6,31.3K,0.801338,0.767461,143,35,1.2874036672867393,0.0726042480000046
bn-macaque-rhesus-brain_1,https://networkrepository.com/bn.php,242,4.1K,0.140256,164,2,33.0,-0.0549821,78.1K,322.0,2.7K,0.53256,0.361515,26,8,2.217482253695004,0.063391781000007
bn-macaque-rhesus-interareal-cortical-network_2,https://networkrepository.com/bn.php,93,2.7K,0.623422,120,29,57.0,-0.533611,173.5K,1.9,4.2K,1.55803,0.745393,56,31,1.4712482468443198,0.0047142649999898
bn-macaque-rhesus-cerebral-cortex_1,https://networkrepository.com/bn.php,91,2K,0.485714,248,6,43.0,-0.343558,86K,945.0,3.8K,1.30491,0.556221,35,21,1.6581196581196582,0.0042806019999943
bn-cat-mixed-species-brain_1,https://networkrepository.com/bn.php,65,1.1K,0.547596,72,6,35.0,0.0101974,28.2K,433.0,1.2K,0.708654,0.595333,27,11,1.6995192307692308,0.0033898150000197
bn-macaque-rhesus-brain_2,https://networkrepository.com/bn.php,91,628,0.153358,96,1,13.0,-0.70906,10K,109.0,792,1.63385,0.368904,16,12,1.868131868131868,0.0039663029999985
bn-mouse-visual-cortex_2,https://networkrepository.com/bn.php,193,214,0.0115501,31,1,2.0,-0.844724,12,0.0,2,0.0212825,0.0046875,3,2,4.2709952504317785,0.0158214359999817
bn-mouse-visual-cortex_1,https://networkrepository.com/bn.php,29,44,0.108374,9,1,3.0,-0.470896,3,0.0,1,0.0494253,0.0222222,3,2,2.940886699507389,0.0006235159999903
wing-nodal,https://networkrepository.com/dimacs10.php,10.9K,75.5K,0.00126227,28,5,13.0,0.22326,401.5K,36.0,81,0.421302,0.397041,9,6,11.542593716396206,290.915511477
fe_sphere,https://networkrepository.com/dimacs10.php,16.4K,49.2K,0.000366144,6,4,5.0,-0.0002442,98.3K,5.0,6,0.400098,0.400039,6,3,56.3602477773307,390.0692775810001
delaunay-n14,https://networkrepository.com/dimacs10.php,16.4K,49.1K,0.00036601,16,3,5.0,-0.124571,98.8K,6.0,15,0.433811,0.379391,5,4,32.953365556676985,346.695087685
fe_4elt2,https://networkrepository.com/dimacs10.php,11.1K,32.8K,0.00052866,12,3,5.0,-0.0731915,65K,5.0,12,0.416076,0.394422,5,4,53.71431126753455,153.54393250999988
delaunay-n13,https://networkrepository.com/dimacs10.php,8.2K,24.5K,0.000731647,12,3,5.0,-0.12776,49.3K,6.0,12,0.4335,0.379588,5,4,24.851146855876497,74.67863274000001
delaunay-n12,https://networkrepository.com/dimacs10.php,4.1K,12.3K,0.00146234,14,3,5.0,-0.107217,24.6K,6.0,13,0.434865,0.379113,5,4,18.281963880303724,15.039083646000108
delaunay-n11,https://networkrepository.com/dimacs10.php,2K,6.1K,0.00292301,13,3,5.0,-0.101418,12.3K,6.0,12,0.436544,0.378586,5,4,13.345154971452123,3.9894123649999074
bio_celegansneural,https://networkrepository.com/dimacs10.php,297,2.3K,0.0533488,134,1,15.0,-0.15201,12.6K,42.0,427,0.311483,0.198895,12,8,2.455318955318955,0.0665899540001646
delaunay-n10,https://networkrepository.com/dimacs10.php,1K,3.1K,0.00583456,12,3,5.0,-0.115349,6.1K,5.0,12,0.435625,0.381761,5,4,10.31553564882698,0.7164758300000358
insecta-ant_colony5,https://networkrepository.com/dynamic.php,152,194.3K,16.9325,4K,590,2.6,0.150758,542.7M,3.6,5.7M,1.22544,0.989913,1,157,1.0098466364586964,0.0063523800000098
insecta-ant_colony3,https://networkrepository.com/dynamic.php,160,241.3K,18.9686,4.6K,670,3.0,0.106432,802.3M,5.0,7.8M,1.28142,0.991066,2,183,1.0050314465408805,0.0046326500000049
ia-frwikinews-user_edits,https://networkrepository.com/dynamic.php,25K,193.6K,0.000617507,32.6K,1,15.0,-0.254438,3.2M,127.0,316K,0.296613,0.00195653,18,27,2.966588955920453,574.007081882
insecta-ant_colony2,https://networkrepository.com/dynamic.php,131,139.9K,16.4328,3.3K,788,2.1,0.1407,325.7M,2.5,3.9M,1.21323,0.988167,1,159,1.0091603053435114,0.0037303610000662
insecta-ant_colony1,https://networkrepository.com/dynamic.php,113,111.6K,17.6324,3K,331,2.0,0.116697,240.4M,2.1,3.3M,1.2396,0.981664,1,133,1.03397597977244,0.0030374010000286
ia-movielens-user2tags_10m,https://networkrepository.com/dynamic.php,16.5K,95.6K,0.000699777,6K,1,11.0,-0.177264,453.4K,27.0,55.1K,0.0686937,0.00636504,641,21,3.882879959520608,317.807110086
ia-radoslaw_email,https://networkrepository.com/dynamic.php,167,82.9K,5.97908,9.1K,1,992.0,0.154877,153.2M,917.4,8.3M,4.50961,0.67962,2,143,1.9673905201644903,0.0304872419999355
eco-everglades,"""https://networkrepository.com/eco.php""",69,911,0.388321,81,5,26.0,-0.272358,14.6K,211.0,882,0.584242,0.475742,21,9,1.6359761295822677,0.002238970999997
eco-florida,"""https://networkrepository.com/eco.php""",128,2.1K,0.259104,110,2,32.0,-0.121845,26.4K,206.0,1.7K,0.344468,0.314011,24,8,1.7763287401574803,0.0200677109999105
eco-foodweb-baydry,"""https://networkrepository.com/eco.php""",128,2.1K,0.262918,110,2,33.0,-0.115122,27.3K,213.0,1.8K,0.344024,0.316338,25,8,1.7723917322834646,0.0117717709999851
eco-foodweb-baywet,"""https://networkrepository.com/eco.php""",128,2.1K,0.259104,110,2,32.0,-0.121845,26.4K,206.0,1.7K,0.344468,0.314011,24,8,1.7763287401574803,0.0120096799998918
eco-mangwet,"""https://networkrepository.com/eco.php""",97,1.5K,0.320447,103,5,30.0,-0.157317,25.1K,259.0,1.4K,0.499065,0.430626,24,10,1.69286941580756,0.0034068300001308
eco-stmarks,"""https://networkrepository.com/eco.php""",54,353,0.246681,48,4,13.0,-0.227075,2K,36.0,216,0.413868,0.334174,11,6,1.7610062893081762,0.0010756709998531
socfb-nips_ego,https://networkrepository.com/socfb.php,2.9K,3K,0.000715069,769,1,2.0,-0.668214,273,0.0,52,0.0272474,0.00035938,4,4,3.867421251248552,2.024006096999983
socfb_Reed98,https://networkrepository.com/socfb.php,962,18.8K,0.0406974,313,1,39.0,0.0234339,291.4K,302.0,4.2K,0.31836,0.220706,35,10,2.461460580087011,1.5503964720001022
socfb_Haverford76,https://networkrepository.com/socfb.php,1.4K,59.6K,0.0570374,375,1,82.0,0.0674921,1.9M,1.3,12.8K,0.322958,0.250546,64,17,2.2278663967417573,14.326308499000106
socfb_Oberlin44,https://networkrepository.com/socfb.php,2.9K,89.9K,0.0210975,478,1,61.0,0.0500802,1.7M,570.0,10.6K,0.263398,0.173822,50,11,2.5794220201138502,61.88531002699983
socfb_Amherst41,https://networkrepository.com/socfb.php,2.2K,91K,0.0364327,467,1,81.0,0.0584284,2.7M,1.2,14.6K,0.310386,0.233137,64,10,2.4036611329083373,45.82777566899995
socfb_Wellesley22,https://networkrepository.com/socfb.php,3K,94.9K,0.0215241,746,1,63.0,0.0642533,1.8M,613.0,19.6K,0.264173,0.172733,52,10,2.5851341528000336,71.45303477900006
socfb_Smith60,https://networkrepository.com/socfb.php,3K,97.1K,0.0220308,349,1,65.0,0.0436172,1.9M,641.0,6.9K,0.28345,0.193123,49,9,2.4976571599003394,66.75873781900009
socfb_Trinity100,https://networkrepository.com/socfb.php,2.6K,112K,0.0328186,404,1,85.0,0.0719057,3.3M,1.3,12.1K,0.290325,0.227958,68,11,2.427585244937992,76.20785202299999
socfb_Vassar85,https://networkrepository.com/socfb.php,3.1K,119.2K,0.0253277,482,1,77.0,0.100781,2.5M,830.0,11.9K,0.24605,0.176583,61,10,2.462171860181288,101.46825235200004
socfb_Santa74,https://networkrepository.com/socfb.php,3.6K,151.7K,0.0237132,1.1K,1,84.0,0.0706336,4.4M,1.2,31.7K,0.262967,0.202237,69,9,2.485804514995735,141.19961619699984
socfb_Colgate88,https://networkrepository.com/socfb.php,3.5K,155K,0.0255829,773,1,89.0,0.0670009,4.3M,1.2,15.4K,0.267257,0.206658,66,12,2.4565714164082,130.69414201799987
socfb_Howard90,https://networkrepository.com/socfb.php,4K,204.9K,0.0250211,1.2K,1,101.0,0.0578825,6.5M,1.6,51.7K,0.22839,0.17308,82,9,2.4174042005935936,221.2972759029999
socfb_CMU,https://networkrepository.com/socfb.php,6.6K,250K,0.0114056,840,1,75.0,0.122458,6.9M,1.0,24.1K,0.278772,0.185256,70,15,2.7380666934057203,501.5065487500001
socfb_MIT,https://networkrepository.com/socfb.php,6.4K,251.2K,0.0122613,708,1,78.0,0.119896,7.1M,1.1,27.8K,0.27236,0.180288,73,9,2.7202753728586515,507.7632943640001
epinions,"""https://networkrepository.com/heter.php""",131.6K,840.8K,9.71283,3.6K,1,12.0,-0.0362489,27.9M,212.0,107.7K,0.156481,0.111073,180,19,0.0,0.0
actor,"""https://networkrepository.com/heter.php""",767.3K,767.3K,2.60661,383.6K,1,1.0,1.01588,0,0.0,0,0.0,0.0,2,3,0.0,0.0
dbpedia,"""https://networkrepository.com/heter.php""",258.9K,495.9K,1.48031,258.9K,1,3.0,0.958807,1.8M,6.0,355.6K,0.985679,3.78228,7,6,0.0,0.0
movielens-10m-noRatings,"""https://networkrepository.com/heter.php""",28.1K,286.7K,0.000724348,12K,2,20.0,-0.117161,15.2M,539.0,247.6K,10.4251,0.052332,641,3,0.0,0.0
digg,"""https://networkrepository.com/heter.php""",283.2K,283.2K,7.06257,279.6K,1,1.0,1.02339,0,0.0,0,0.0,0.0,2,3,0.0,0.0
movielens-10m,"""https://networkrepository.com/heter.php""",69.9K,97.1K,3.97635,69.9K,1,2.0,1.48636,189.4K,2.0,40.8K,0.472967,7.18656,5,5,0.0,0.0
inf_USAir97,https://networkrepository.com/inf.php,332,2.1K,0.0386925,139,1,12.0,-0.207876,36.5K,110.0,1.4K,0.625217,0.396392,27,22,2.7381247042550867,0.0658700320000207
inf_power,https://networkrepository.com/inf.php,4.9K,6.6K,0.000540303,19,1,2.0,0.00345699,2K,0.0,21,0.0801036,0.103153,6,6,18.989185424445708,14.834689687999798
ia-email_EU,https://networkrepository.com/ia.php,32.4K,54.4K,0.000103449,623,1,3.0,-0.381627,147K,4.0,1.6K,0.112681,0.0267784,23,11,4.08298660323399,1103.485585641
ia-email_univ,https://networkrepository.com/ia.php,1.1K,5.5K,0.00850021,71,1,9.0,0.078201,16K,14.0,261,0.220176,0.16625,12,12,3.606032017315423,0.7685678039997583
ia-escorts_dynamic,https://networkrepository.com/ia.php,10.1K,50.6K,0.000991352,616,1,10.0,-0.0625723,23.4K,2.0,2.8K,0.0117455,0.00790434,42,4,4.204244371365652,217.88505098799945
ia-fb_messages,https://networkrepository.com/ia.php,1.3K,6.5K,0.00805625,112,1,10.0,-0.084408,7.5K,5.0,242,0.06835,0.043903,12,5,3.310308525185921,1.309427021999909
ia-infect_hyper,https://networkrepository.com/ia.php,113,2.2K,0.347029,98,1,38.0,-0.12258,50.6K,447.0,1.7K,0.534756,0.495205,29,15,1.6562895069532235,0.0057374400003027
ia-infect_dublin,https://networkrepository.com/ia.php,410,2.8K,0.0329775,50,1,13.0,0.225752,21.3K,52.0,280,0.455824,0.435693,18,9,3.630854553044308,0.1098179030004757
ia-enron_large,https://networkrepository.com/ia.php,33.7K,180.8K,0.000318501,1.4K,1,10.0,-0.116499,2.2M,64.0,17.7K,0.50919,0.0851297,44,17,4.025163988178407,2059.2660560370005
ia_reality,https://networkrepository.com/ia.php,6.8K,7.7K,0.000331351,261,1,2.0,-0.675344,1.2K,0.0,52,0.0177709,0.00240715,6,5,4.213623610073003,12.6234903149998
tech_pgp,https://networkrepository.com/tech.php,10.7K,24.3K,0.000426824,206,1,4.0,0.239454,164.9K,15.0,2.3K,0.26598,0.377912,32,17,7.4855400514784,155.29729890800002
tech-routers_rf,https://networkrepository.com/tech.php,2.1K,6.6K,0.00297222,109,1,6.0,0.0191614,31.2K,14.0,588,0.246429,0.22826,16,15,4.607423471582842,4.391949647000047
tech_WHOIS,https://networkrepository.com/tech.php,7.5K,56.9K,0.00203793,1.1K,1,15.0,-0.0424688,2.3M,314.0,22.3K,0.488923,0.306151,89,37,3.543336572237403,140.25483522000002
tech-as_caida2007,https://networkrepository.com/tech.php,26.5K,53.4K,0.000152321,2.6K,1,4.0,-0.194646,109.1K,4.0,3.8K,0.208233,0.00731873,23,16,3.87564740804722,1021.574068766
tech-internet_as,https://networkrepository.com/tech.php,40.2K,85.1K,0.000105539,3.4K,1,4.0,-0.178102,189.8K,4.0,8.5K,0.205467,0.00663543,24,15,3.9394632344761673,2666.798108833
econ_mahindas,https://networkrepository.com/econ.php,1.3K,7.6K,0.00958195,206,2,12.0,-0.0553489,10.5K,8.0,391,0.0608078,0.0376877,41,5,3.574296183028459,4.267864401000004
econ_orani678,https://networkrepository.com/econ.php,2.5K,89.9K,0.0281378,1.7K,2,71.0,-0.251644,8.7M,3.4,80.8K,0.365604,0.319219,193,77,2.426098397825728,27.356313277
econ_psmigr1,https://networkrepository.com/econ.php,3.1K,540K,0.109577,4.8K,5,343.0,-0.147258,171.3M,54.6,947K,0.67464,0.367109,371,140,1.924067058558549,77.46780503400001
econ_psmigr2,https://networkrepository.com/econ.php,3.1K,540K,0.109577,4.8K,5,343.0,-0.147258,171.3M,54.6,947K,0.67464,0.367109,371,140,1.924067058558549,77.30354875899997
econ_psmigr3,https://networkrepository.com/econ.php,3.1K,540K,0.109577,4.8K,5,343.0,-0.147258,171.3M,54.6,947K,0.67464,0.367109,371,140,1.924067058558549,82.10579495999997
SFHH-conf-sensor,"""https://networkrepository.com/proximity.php""",403,70.3K,0.867388,2.4K,2,348.0,0.412619,26.1M,64.7,1.1M,1.11415,0.491221,1,11,0.0,0.0
copresence-InVS13,"""https://networkrepository.com/proximity.php""",95,394.2K,88.2972,27.5K,420,8.3,0.257098,4.3,45.3,171.7M,2.00591,0.900673,9,106,1.1231802911534154,0.0212405910000086
copresence-InVS15,"""https://networkrepository.com/proximity.php""",219,1.3M,53.7554,39.9K,1,11.7,2.78976,18.3,83.7,392.4M,1.5979,0.880948,16,66,1.3010766201667294,0.1616013940000016
hospital-ward-proximity,"""https://networkrepository.com/proximity.php""",75,32.4K,11.6843,4.3K,12,864.0,0.0862321,47M,626.5,3.8M,3.64924,0.7538,1,72,0.0,0.0
infect-dublin,"""https://networkrepository.com/proximity.php""",410,2.8K,0.0329775,50,1,13.0,0.225752,21.3K,52.0,280,0.455824,0.435693,18,9,3.630854553044308,0.1130342790000042
infect-hyper,"""https://networkrepository.com/proximity.php""",113,2.2K,0.347029,98,1,38.0,-0.12258,50.6K,447.0,1.7K,0.534756,0.495205,29,15,1.6562895069532235,0.0046780119999993
primary-school-proximity,"""https://networkrepository.com/proximity.php""",242,125.8K,4.31306,2.6K,130,1.0,0.353984,122.6M,506.7,1.9M,1.03812,0.752097,867,25,0.0,0.0
scc-infect-hyper,"""https://networkrepository.com/tscc.php""",113,6.2K,0.983249,112,85,110.0,-0.0619785,670.6K,5.9,6.1K,0.986349,0.986032,106,106,1.0167509481668773,0.0041439369999949
frb30-15_2,https://networkrepository.com/bhoslib.php,450,83.2K,0.823073,404,333,369.0,-0.0237061,25.2M,55.9,66.7K,0.820417,0.820372,338,24,1.1769265033407572,0.0958072570000041
frb30-15_4,https://networkrepository.com/bhoslib.php,450,83.2K,0.823499,401,339,369.0,-0.0293546,25.2M,56.1,65.8K,0.821178,0.821099,340,25,1.176500866122247,0.2032345049999975
frb30-15_1,https://networkrepository.com/bhoslib.php,450,83.2K,0.823539,407,327,369.0,-0.0291078,25.2M,56.1,67.5K,0.821076,0.820998,340,24,1.1764612719623857,0.1036089179999919
frb30-15_3,https://networkrepository.com/bhoslib.php,450,83.2K,0.823717,400,327,369.0,-0.0321251,25.2M,56.1,65.2K,0.821498,0.821404,337,25,1.1762830982430093,0.099939159999991
frb30-15_5,https://networkrepository.com/bhoslib.php,450,83.2K,0.823865,403,321,369.0,-0.0493838,25.3M,56.2,66.4K,0.822271,0.822053,333,26,1.1761346201435288,0.0976041109999812
frb35-17_5,https://networkrepository.com/bhoslib.php,595,148.6K,0.840744,550,460,499.0,-0.0242639,62.2M,104.6,126.3K,0.83933,0.839265,461,28,1.159256429844665,0.2044934150000017
frb35-17_3,https://networkrepository.com/bhoslib.php,595,148.8K,0.841943,549,429,500.0,-0.0358331,62.6M,105.2,126.2K,0.841338,0.841188,451,29,1.158056758056758,0.3511517749999768
frb35-17_1,https://networkrepository.com/bhoslib.php,595,148.9K,0.842368,544,462,500.0,-0.0411977,62.6M,105.2,123.9K,0.841011,0.840878,463,29,1.15763234586764,0.1676469559999986
frb35-17_2,https://networkrepository.com/bhoslib.php,595,148.9K,0.842419,541,460,500.0,-0.0293996,62.5M,105.1,122.3K,0.840465,0.840394,465,29,1.1575814164049458,0.1821129090000113
frb35-17_4,https://networkrepository.com/bhoslib.php,595,148.9K,0.842447,560,444,500.0,-0.0380713,62.7M,105.3,131.1K,0.841658,0.841501,456,30,1.1575531222590043,0.1588367319999974
frb40-19_5,https://networkrepository.com/bhoslib.php,760,246.8K,0.8557,691,585,649.0,-0.0260197,136.8M,180.1,203.7K,0.85436,0.854308,596,32,1.1442999791970043,0.3238835689999746
frb40-19_4,https://networkrepository.com/bhoslib.php,760,246.8K,0.855749,692,595,649.0,-0.034223,136.8M,180.1,204K,0.854306,0.854234,600,33,1.1442514388738645,0.3367523430000005
frb40-19_3,https://networkrepository.com/bhoslib.php,760,247.3K,0.857517,702,600,650.0,-0.0212089,137.6M,181.1,210.2K,0.85581,0.855782,613,33,1.142483184245198,0.2874508330000083
frb40-19_2,https://networkrepository.com/bhoslib.php,760,247.2K,0.856934,702,588,650.0,-0.0349963,137.5M,181.0,209.9K,0.856034,0.855937,598,34,1.1430656681228764,0.2923931150000101
frb40-19_1,https://networkrepository.com/bhoslib.php,760,247.1K,0.856758,703,581,650.0,-0.028485,137.5M,181.0,210.6K,0.856172,0.856082,595,33,1.143242493585743,0.2997756639999807
frb45-21_1,https://networkrepository.com/bhoslib.php,945,386.9K,0.867308,876,756,818.0,-0.023507,274.2M,290.2,331.6K,0.866269,0.866231,769,36,1.132692135234508,0.4538502599999958
frb45-21_2,https://networkrepository.com/bhoslib.php,945,387.4K,0.868568,870,753,819.0,-0.0292325,275.4M,291.4,326.9K,0.867356,0.867313,769,37,1.1314321585508027,0.5564626870000211
frb45-21_3,https://networkrepository.com/bhoslib.php,945,387.8K,0.869418,872,739,820.0,-0.023224,276.2M,292.3,329.6K,0.868295,0.868258,764,36,1.1305824589722897,0.5560053909999851
frb45-21_4,https://networkrepository.com/bhoslib.php,945,387.5K,0.868736,875,732,820.0,-0.028105,275.7M,291.8,331.2K,0.868019,0.867953,757,36,1.1312640121962156,0.4910034080000116
frb45-21_5,https://networkrepository.com/bhoslib.php,945,387.5K,0.868669,874,764,820.0,-0.0254529,275.4M,291.4,330.5K,0.867368,0.86733,771,36,1.1313312707380505,0.5279629659999898
frb50-23_1,https://networkrepository.com/bhoslib.php,1.2K,580.6K,0.878803,1.1K,941,1.0,-0.022007,514.5M,447.4,496.1K,0.877915,0.877884,950,40,1.121197260377644,1.2753162319999944
frb50-23_2,https://networkrepository.com/bhoslib.php,1.2K,579.8K,0.877624,1.1K,922,1.0,-0.0202049,512.5M,445.6,504.6K,0.876856,0.876827,936,40,1.1223763575131491,0.7601956830000063
frb50-23_3,https://networkrepository.com/bhoslib.php,1.2K,579.6K,0.877295,1.1K,945,1.0,-0.0249133,511.6M,444.9,508K,0.876169,0.876142,953,40,1.122704809475158,0.9566240380000012
frb50-23_4,https://networkrepository.com/bhoslib.php,1.2K,580.4K,0.878521,1.1K,941,1.0,-0.025344,514M,446.9,502.7K,0.877594,0.87756,950,40,1.1214787906307944,1.6746589629999562
frb50-23_5,https://networkrepository.com/bhoslib.php,1.2K,580.6K,0.878859,1.1K,922,1.0,-0.0252653,514.6M,447.5,510.9K,0.878063,0.878023,949,41,1.1211412570477164,0.7103225250000378
frb53-24_1,https://networkrepository.com/bhoslib.php,1.3K,714.1K,0.883434,1.2K,1,1.1,-0.0130046,707.6M,556.3,619.4K,0.882696,0.882684,1,42,1.1165662158751837,0.955612330000008
frb53-24_2,https://networkrepository.com/bhoslib.php,1.3K,714.1K,0.883357,1.2K,1,1.1,-0.0199921,707.2M,555.9,615.3K,0.882437,0.882417,1,42,1.11664291475538,1.859646730999998
frb53-24_3,https://networkrepository.com/bhoslib.php,1.3K,714.2K,0.883557,1.2K,1,1.1,-0.0210764,707.7M,556.4,616.5K,0.882724,0.882698,1,43,1.116442508003899,1.0021145099999558
frb53-24_4,https://networkrepository.com/bhoslib.php,1.3K,714K,0.883334,1.2K,1,1.1,-0.0239669,707.1M,555.9,622.2K,0.8824,0.88237,1,42,1.116666419250924,0.95984007200002
frb53-24_5,https://networkrepository.com/bhoslib.php,1.3K,714.1K,0.883435,1.2K,1,1.1,-0.0246235,707.2M,556.0,633.1K,0.882407,0.882383,1,42,1.1165649787964709,1.1185831960000314
soc_anybeat,https://networkrepository.com/soc.php,12.6K,67.1K,0.000838774,8.7K,1,10.0,-0.121888,946.7K,74.0,51K,0.227469,0.0182689,50,25,3.1714862420346632,269.394141764
soc-wiki_Vote,https://networkrepository.com/soc.php,889,2.9K,0.00738252,102,1,6.0,-0.0287763,6.4K,7.0,251,0.152847,0.127349,10,6,4.096200812736246,0.5639921710000522
web_polblogs,https://networkrepository.com/web.php,643,2.3K,0.0110464,165,1,7.0,-0.21787,9K,14.0,392,0.232016,0.160848,13,9,3.828088739020266,0.5666317049999634
web-webbase_2001,https://networkrepository.com/web.php,16.1K,25.6K,0.000198417,1.7K,1,3.0,-0.098495,63.3K,3.0,1.4K,0.224316,0.0249263,33,9,10.20919891928335,179.08284320000007
web_spam,https://networkrepository.com/web.php,4.8K,37.4K,0.00329012,477,1,15.0,4.72558,387.1K,81.0,6.3K,0.285979,0.145193,36,14,3.7935435437418095,46.925678842000025
web-indochina_2004,https://networkrepository.com/web.php,11.4K,47.6K,0.000738119,199,1,8.0,0.124555,630.2K,55.0,1.5K,0.709915,0.56697,50,35,6.41821583445514,149.14820600500002
web-frwikinews-user_edits,https://networkrepository.com/web.php,25K,193.6K,0.000617507,32.6K,1,15.0,-0.254438,3.2M,127.0,316K,0.296613,0.00195653,18,27,2.966588955920453,667.813796727
p-hat1500-3,"""https://networkrepository.com/dimacs.php""",1.5K,847.2K,0.753608,1.3K,912,1.1,-0.0108833,741.2M,494.1,675.8K,0.767997,0.767701,930,77,1.2463918167667334,1.0668591130000775
p-hat1500-2,"""https://networkrepository.com/dimacs.php""",1.5K,569K,0.50608,1.2K,335,758.0,-0.0931446,273.5M,182.3,372.3K,0.600106,0.58484,505,55,1.4939203913720258,1.7440335539999978
p-hat1500-1,"""https://networkrepository.com/dimacs.php""",1.5K,284.9K,0.253434,614,157,379.0,-0.0913078,34.3M,22.9,53.2K,0.300315,0.292669,253,11,1.7465661552145877,2.616577088999975
p-hat1000-2,"""https://networkrepository.com/dimacs.php""",1K,244.8K,0.490088,766,232,489.0,-0.0985585,74M,74.0,157.6K,0.58458,0.568367,328,42,1.509911911911912,0.6399770049999915
p-hat1000-1,"""https://networkrepository.com/dimacs.php""",1K,122.3K,0.244751,408,105,244.0,-0.0934738,9.2M,9.2,22.7K,0.291839,0.283975,164,10,1.7552492492492493,0.7708422750000636
p-hat700-3,"""https://networkrepository.com/dimacs.php""",700,183K,0.748048,627,408,522.0,-0.014674,73.6M,105.2,148K,0.763166,0.762753,427,55,1.251951767831596,0.2040967509999518
p-hat700-2,"""https://networkrepository.com/dimacs.php""",700,121.7K,0.49756,539,157,347.0,-0.101368,26.7M,38.1,79.2K,0.596311,0.578988,236,41,1.5024402207234826,0.2702986630000623
p-hat700-1,"""https://networkrepository.com/dimacs.php""",700,61K,0.249332,286,75,174.0,-0.0985095,3.3M,4.8,11.6K,0.29819,0.289517,118,9,1.750668301655426,0.6086145879999094
p-hat500-3,"""https://networkrepository.com/dimacs.php""",500,93.8K,0.751904,452,293,375.0,-0.0149695,27.2M,54.3,77.2K,0.766414,0.766019,304,45,1.2480961923847695,0.100038986999948
p-hat500-2,"""https://networkrepository.com/dimacs.php""",500,62.9K,0.504577,389,117,251.0,-0.0987148,10M,19.9,40.9K,0.597255,0.581438,171,33,1.4954228456913827,0.1361054449999983
p-hat300-3,"""https://networkrepository.com/dimacs.php""",300,33.4K,0.744482,267,168,222.0,-0.0204908,5.7M,18.9,26.7K,0.758296,0.757799,181,33,1.2555183946488295,0.030468079000002
brock800-1,"""https://networkrepository.com/dimacs.php""",800,207.5K,0.649265,560,477,518.0,-0.000418117,69.8M,87.2,101.5K,0.649145,0.649147,488,19,1.3507352941176471,0.2891422760000068
brock800-2,"""https://networkrepository.com/dimacs.php""",800,208.2K,0.651333,566,472,520.0,-0.00183833,70.5M,88.1,104K,0.651294,0.651292,487,19,1.3486670838548185,0.2901743389999183
brock800-3,"""https://networkrepository.com/dimacs.php""",800,207.3K,0.648727,558,474,518.0,-0.00256087,69.6M,87.0,100.8K,0.648701,0.648701,484,20,1.351273466833542,0.2716384229998994
brock800-4,"""https://networkrepository.com/dimacs.php""",800,207.6K,0.649696,565,481,519.0,-0.00383331,69.9M,87.4,103.3K,0.649685,0.649681,486,19,1.3503035043804756,0.5161529260000179
brock400-1,"""https://networkrepository.com/dimacs.php""",400,59.7K,0.748409,320,272,298.0,-0.00281946,13.3M,33.3,38.1K,0.748295,0.748294,278,22,1.251591478696742,0.1077634729999772
brock400-2,"""https://networkrepository.com/dimacs.php""",400,59.8K,0.749198,328,274,298.0,-0.00471088,13.4M,33.4,40.1K,0.748964,0.748958,279,22,1.2508020050125312,0.0631590169999753
brock400-3,"""https://networkrepository.com/dimacs.php""",400,59.7K,0.747882,322,275,298.0,-0.00542182,13.3M,33.2,38.6K,0.747709,0.747703,279,21,1.2521177944862156,0.0610659489999534
brock400-4,"""https://networkrepository.com/dimacs.php""",400,59.8K,0.748935,326,275,298.0,-0.00656624,13.3M,33.3,39.7K,0.74876,0.748751,278,22,1.2510651629072682,0.0605059749999554
brock200-1,"""https://networkrepository.com/dimacs.php""",200,14.8K,0.745427,165,130,148.0,-0.00386832,1.6M,8.2,10.1K,0.745099,0.745111,135,18,1.254572864321608,0.0140499629999339
brock200-2,"""https://networkrepository.com/dimacs.php""",200,9.9K,0.496281,114,78,98.0,-0.011974,479.7K,2.4,3.2K,0.494667,0.49462,85,10,1.503718592964824,0.0149576730000262
brock200-3,"""https://networkrepository.com/dimacs.php""",200,12K,0.605427,134,99,120.0,-0.0086259,873.4K,4.4,5.4K,0.604975,0.605011,106,13,1.394572864321608,0.0154152239999802
brock200-4,"""https://networkrepository.com/dimacs.php""",200,13.1K,0.657739,147,112,130.0,-0.0171309,1.1M,5.6,7K,0.657421,0.657343,118,14,1.3422613065326634,0.0145380390000582
hamming10-2,"""https://networkrepository.com/dimacs.php""",1K,518.7K,0.990225,1K,1,1.0,1.0,519.7M,507.6,507.6K,0.990206,0.990206,1,352,1.0097751710654936,0.2948087500000156
C1000-9,"""https://networkrepository.com/dimacs.php""",1K,450.1K,0.901059,925,868,900.0,-0.00189322,364.7M,364.7,385K,0.901055,0.901055,875,53,1.098940940940941,0.3413563540000268
san1000,"""https://networkrepository.com/dimacs.php""",1K,250.5K,0.501502,550,445,501.0,0.674301,86.4M,86.4,100.7K,0.685062,0.687277,465,9,1.4984984984984986,0.662407761000054
san400-0-9-1,"""https://networkrepository.com/dimacs.php""",400,71.8K,0.9,374,341,359.0,-0.00497182,23.2M,57.9,62.8K,0.900655,0.900644,345,54,1.1,0.0967171490000282
san400-0-7-1,"""https://networkrepository.com/dimacs.php""",400,55.9K,0.7,301,257,279.0,-0.00454926,11.4M,28.5,32.3K,0.732441,0.732084,262,22,1.3,0.1143229960000553
san400-0-7-2,"""https://networkrepository.com/dimacs.php""",400,55.9K,0.7,304,257,279.0,0.0301442,11.3M,28.2,32.9K,0.7253,0.725079,260,18,1.3,0.0573114909999503
san400-0-7-3,"""https://networkrepository.com/dimacs.php""",400,55.9K,0.7,307,250,279.0,0.17637,11.2M,27.9,33.7K,0.716974,0.717533,254,15,1.3,0.0582494090000409
san400-0-5-1,"""https://networkrepository.com/dimacs.php""",400,39.9K,0.5,225,174,199.0,0.602703,5.2M,13.1,15.9K,0.654299,0.656928,184,8,1.5,0.0799322509999456
san200-0-9-1,"""https://networkrepository.com/dimacs.php""",200,17.9K,0.9,191,159,179.0,0.0406465,2.9M,14.4,16.4K,0.901836,0.902019,163,48,1.1,0.0129948460000832
san200-0-9-2,"""https://networkrepository.com/dimacs.php""",200,17.9K,0.9,188,169,179.0,-0.00299399,2.9M,14.4,15.8K,0.900435,0.900427,170,40,1.1,0.0121214160000135
san200-0-9-3,"""https://networkrepository.com/dimacs.php""",200,17.9K,0.9,187,166,179.0,-0.0107095,2.9M,14.4,15.6K,0.899727,0.899712,170,33,1.1,0.0123649360000399
san200-0-7-2,"""https://networkrepository.com/dimacs.php""",200,13.9K,0.7,164,103,139.0,0.263062,1.5M,7.3,9.8K,0.729743,0.741806,123,13,1.3,0.015950058000044
san200-0-7-1,"""https://networkrepository.com/dimacs.php""",200,13.9K,0.7,155,125,139.0,0.0677214,1.4M,7.0,8.6K,0.726296,0.726081,126,17,1.3,0.0133895449999954
sanr200-0-9,"""https://networkrepository.com/dimacs.php""",200,17.9K,0.897638,189,166,178.0,-0.0101712,2.9M,14.3,15.9K,0.897741,0.89773,167,37,1.102361809045226,0.0125005450000799
sanr200-0-7,"""https://networkrepository.com/dimacs.php""",200,13.9K,0.696884,161,120,138.0,-0.0166367,1.3M,6.7,8.9K,0.696634,0.696584,125,16,1.3031155778894472,0.0138653579999754
sanr400-0-5,"""https://networkrepository.com/dimacs.php""",400,40K,0.501053,233,161,199.0,-0.00815075,4M,10.0,13.6K,0.501093,0.501063,178,12,1.4989473684210526,0.1211263360000884
sanr400-0-7,"""https://networkrepository.com/dimacs.php""",400,55.9K,0.700113,310,252,279.0,-0.00169434,10.9M,27.3,33.5K,0.700189,0.700193,259,19,1.2998872180451129,0.1100092740000491
